0,nospec_no_specifier_test,1699234828,0
1,nospec_empty_string,1699234828,0
2,nospec_some_escaped_chars,1699234828,0
3,nospec_successive_5_5,1699234828,0
4,nospec_successive_2_9,1699234828,0
5,nospec_successive_8_3,1699234828,0
6,pct_basic,1699236248,1699236242
7,pct_5w,1699236841,1699236261
8,pct_5wlj,0,1699237393
9,pct_5wzp,0,1699237024
10,pct_5wljzp,0,1699237007
16,c_allprintable_combined,1699234828,0
17,c_1_31_combined,1699234828,0
18,c_128_255_combined,1699234828,0
19,c_allprintable_width,0,1699234828
20,c_1_31_width,0,1699234828
21,c_128_255_width,0,1699234828
22,c_allprintable_width_lj,0,1699234828
23,c_1_31_width_lj,0,1699234828
24,c_128_255_width_lj,0,1699234828
25,c_nullterm_basic,1699234828,0
26,c_nullterm_5w,0,1699234828
27,c_nullterm_5wlj,0,1699234828
28,s_basic_string_expansion,1699234828,0
29,s_only_string_expansion,1699234828,0
30,s_two_string_expansions,1699234828,0
31,s_two_string_expansions2,1699234828,0
32,s_empty_string_expansion,1699234828,0
33,s_full_then_empty_string,1699234828,0
34,s_empty_then_full_string,1699234828,0
35,s_three_strings,1699234828,0
36,s_space_padded_field_width,0,1699234828
37,s_space_padded_field_width2,0,1699234828
38,s_space_padded_over_field_width,0,1699234828
39,s_space_padded_field_width_lj,0,1699234828
40,s_space_padded_field_width2_lj,0,1699234828
41,s_space_padded_over_field_width_lj,0,1699234828
42,s_string_prec_notrunc,0,1699234828
43,s_string_prec_trunc,0,1699234828
44,s_string_prec_default,0,1699234828
45,s_string_prec_zero,0,1699234828
46,s_two_strings_prec_2trunc,0,1699234828
47,s_two_strings_prec_1trunc_a,0,1699234828
48,s_two_strings_prec_1trunc_b,0,1699234828
49,s_two_strings_prec_0trunc,0,1699234828
50,s_string_prec_width_notrunc,0,1699234828
51,s_string_prec_width_trunc,0,1699234828
52,s_string_prec_width_notrunc_lj,0,1699234828
53,s_string_prec_width_trunc_lj,0,1699234828
54,s_two_s_prec_width_2fit_0trunc,0,1699234828
55,s_two_s_prec_width_1fit_a_0trunc,0,1699234828
56,s_two_s_prec_width_1fit_b_0trunc,0,1699234828
57,s_two_s_prec_width_0fit_0trunc,0,1699234828
58,s_two_s_prec_width_2fit_1trunc_a,0,1699234828
59,s_two_s_prec_width_1fit_a_1trunc_a,0,1699234828
60,s_two_s_prec_width_1fit_b_1trunc_a,0,1699234828
61,s_two_s_prec_width_0fit_1trunc_a,0,1699234828
62,s_two_s_prec_width_2fit_1trunc_b,0,1699234828
63,s_two_s_prec_width_1fit_a_1trunc_b,0,1699234828
64,s_two_s_prec_width_1fit_b_1trunc_b,0,1699234828
65,s_two_s_prec_width_0fit_1trunc_b,0,1699234828
66,s_two_s_prec_width_2fit_2trunc,0,1699234828
67,s_two_s_prec_width_1fit_a_2trunc,0,1699234828
68,s_two_s_prec_width_1fit_b_2trunc,0,1699234828
69,s_two_s_prec_width_0fit_2trunc,0,1699234828
70,s_two_s_prec_width_2trunc,0,1699234828
71,s_two_strings_lj_and_rj,0,1699234828
72,s_two_strings_rj_and_lj,0,1699234828
73,s_null_basic_string_expansion,1699234828,0
74,s_null_only_string_expansion,1699234828,0
75,s_null_space_padded_field_width,0,1699234828
76,s_null_space_padded_over_field_width,0,1699234828
77,s_null_space_padded_field_width_lj,0,1699234828
78,s_null_space_padded_field_width2_lj,0,1699234828
79,s_null_space_padded_over_field_width_lj,0,1699234828
80,s_null_string_prec_notrunc,0,1699234828
81,s_null_string_prec_trunc,0,1699234828
82,s_null_string_prec_default,0,1699234828
83,s_null_string_prec_zero,0,1699234828
84,s_basic_s_hidden,1699234828,0
85,s_width_3_s_hidden,0,1699234828
86,s_width_9_s_hidden,0,1699234828
87,s_prec_no_width_s_hidden,0,1699234828
88,s_prec_9_no_width_s_hidden,0,1699234828
89,s_prec_03_no_width_s_hidden,0,1699234828
90,s_prec_09_no_width_s_hidden,0,1699234828
91,s_prec_03_no_width_s_null,0,1699234828
92,s_prec_09_no_width_s_null,0,1699234828
93,s_prec_00_no_width_s_nullchar,0,1699234828
94,s_prec_01_no_width_s_nullchar,0,1699234828
95,s_prec_03_no_width_s_nullchar,0,1699234828
96,s_prec_09_no_width_s_nullchar,0,1699234828
97,s_prec_0_width_3_s_hidden,0,1699234828
98,s_prec_0_width_10_s_hidden,0,1699234828
99,s_prec_0_width_3_s_null,0,1699234828
100,s_prec_0_width_10_s_null,0,1699234828
101,s_prec_0_width_1_s_nullchar,0,1699234828
102,s_prec_0_width_2_s_nullchar,0,1699234828
103,s_prec_0_width_9_s_nullchar,0,1699234828
104,s_prec_0_lj_width_3_s_hidden,0,1699234828
105,s_prec_0_lj_width_8_s_hidden,0,1699234828
106,s_prec_0_lj_width_3_s_null,0,1699234828
107,s_prec_0_lj_width_8_s_null,0,1699234828
108,s_prec_0_lj_width_1_s_nullchar,0,1699234828
109,s_prec_0_lj_width_2_s_nullchar,0,1699234828
110,s_prec_0_lj_width_6_s_nullchar,0,1699234828
111,s_prec_1_width_3_s_hidden,0,1699234828
112,s_prec_1_width_10_s_hidden,0,1699234828
113,s_prec_1_width_3_s_null,0,1699234828
114,s_prec_1_width_9_s_null,0,1699234828
115,s_prec_1_lj_width_3_s_hidden,0,1699234828
116,s_prec_1_lj_width_10_s_hidden,0,1699234828
117,s_prec_1_lj_width_3_s_null,0,1699234828
118,s_prec_1_lj_width_9_s_null,0,1699234828
119,s_prec_1_lj_width_3_s_nullchar,0,1699234828
120,s_prec_1_lj_width_6_s_nullchar,0,1699234828
121,s_prec_perfect_width_3_s_hidden,0,1699234828
122,s_prec_perfect_width_20_s_hidden,0,1699234828
123,s_prec_perfect_width_3_s_null,0,1699234828
124,s_prec_perfect_width_20_s_null,0,1699234828
125,s_prec_perfect_width_3_s_nullchar,0,1699234828
126,s_prec_perfect_width_6_s_nullchar,0,1699234828
127,s_prec_perfect_lj_width_3_s_hidden,0,1699234828
128,s_prec_perfect_lj_width_20_s_hidden,0,1699234828
129,s_prec_8_lj_width_3_s_hidden,0,1699234828
130,s_prec_8_lj_width_10_s_hidden,0,1699234828
131,s_prec_8_lj_width_3_s_null,0,1699234828
132,s_prec_8_lj_width_10_s_null,0,1699234828
133,s_prec_00_lj_s_hidden_trunc,0,1699234828
134,s_prec_09_lj_s_hidden_notrunc,0,1699234828
173,p_null,1699234828,0
178,p_ftfc_5w_throwswarning,0,1699234828
179,p_basic,1699234828,0
180,p_width_fit,0,1699234828
181,p_width_nofit,0,1699234828
182,p_width_16,0,1699234828
183,p_width_8,0,1699234828
184,p_width_32,0,1699234828
185,p_width_fit_lj,0,1699234828
186,p_width_nofit_lj,0,1699234828
187,p_width_16_lj,0,1699234828
188,p_width_8_lj,0,1699234828
189,p_width_32_lj,0,1699234828
190,d_basic_pos,1699234828,0
191,d_basic_neg,1699234828,0
192,d_basic_zero,1699234828,0
193,d_basic_onlypos,1699234828,0
194,d_basic_onlyneg,1699234828,0
195,d_basic_onlyzero,1699234828,0
196,d_intmax,1699234828,0
197,d_intmin,1699234828,0
198,d_width_pos_fits,0,1699234828
199,d_width_neg_fits,0,1699234828
200,d_width_zero_fits,0,1699234828
201,d_width_pos_exactfit,0,1699234828
202,d_width_neg_exactfit,0,1699234828
203,d_width_pos_nofit,0,1699234828
204,d_width_neg_nofit,0,1699234828
205,d_width_pos_fits_lj,0,1699234828
206,d_width_neg_fits_lj,0,1699234828
207,d_width_zero_fits_lj,0,1699234828
208,d_width_pos_exactfit_lj,0,1699234828
209,d_width_neg_exactfit_lj,0,1699234828
210,d_width_pos_nofit_lj,0,1699234828
211,d_width_neg_nofit_lj,0,1699234828
212,d_prec_fits_pos,0,1699234828
213,d_prec_fits_neg,0,1699234828
214,d_prec_fits_zero,0,1699234828
215,d_prec_exactfit_pos,0,1699234828
216,d_prec_exactfit_neg,0,1699234828
217,d_prec_nofit_pos,0,1699234828
218,d_prec_nofit_neg,0,1699234828
219,d_zp_pos_fits,0,1699234828
220,d_zp_neg_fits,0,1699234828
221,d_zp_zero_fits,0,1699234828
222,d_zp_pos_exactfit,0,1699234828
223,d_zp_neg_exactfit,0,1699234828
224,d_zp_neg_minus1fit,0,1699234828
225,d_prec_width_fit_fit_pos,0,1699234828
226,d_prec_width_fit_fit_neg,0,1699234828
227,d_prec_width_fit_fit_zero,0,1699234828
228,d_prec_width_nofit_fit_pos,0,1699234828
229,d_prec_width_nofit_fit_neg,0,1699234828
230,d_prec_width_fit_nofit_pos,0,1699234828
231,d_prec_width_fit_nofit_neg,0,1699234828
232,d_prec_width_nofit_nofit_pos,0,1699234828
233,d_prec_width_nofit_nofit_neg,0,1699234828
234,d_prec_width_fit_fit_pos_lj,0,1699234828
235,d_prec_width_fit_fit_neg_lj,0,1699234828
236,d_prec_width_fit_fit_zero_lj,0,1699234828
237,d_prec_width_nofit_fit_pos_lj,0,1699234828
238,d_prec_width_nofit_fit_neg_lj,0,1699234828
239,d_prec_width_fit_nofit_pos_lj,0,1699234828
240,d_prec_width_fit_nofit_neg_lj,0,1699234828
241,d_prec_width_nofit_nofit_pos_lj,0,1699234828
242,d_prec_width_nofit_nofit_neg_lj,0,1699234828
243,d_prec_width_ff_pos_zp,0,1699234828
244,d_prec_width_ff_neg_zp,0,1699234828
245,d_prec_width_ff_zero_zp,0,1699234828
246,d_prec_width_nf_pos_zp,0,1699234828
247,d_prec_width_nf_neg_zp,0,1699234828
248,d_prec_width_fn_pos_zp,0,1699234828
249,d_prec_width_fn_neg_zp,0,1699234828
250,d_prec_width_nn_pos_zp,0,1699234828
251,d_prec_width_nn_neg_zp,0,1699234828
252,d_prec_width_ff_pos_lj_zp_ignoreflag,0,1699234828
253,d_prec_width_ff_neg_ljzp_ignoreflag,0,1699234828
254,d_prec_width_ff_zero_ljzp_ignoreflag,0,1699234828
255,d_prec_width_nf_pos_ljzp_ignoreflag,0,1699234828
256,d_prec_width_nf_neg_ljzp_ignoreflag,0,1699234828
257,d_prec_width_fn_pos_ljzp_ignoreflag,0,1699234828
258,d_prec_width_fn_neg_ljzp_ignoreflag,0,1699234828
259,d_prec_width_nn_pos_ljzp_ignoreflag,0,1699234828
260,d_prec_width_nn_neg_ljzp_ignoreflag,0,1699234828
261,d_prec0val0_basic,0,1699234828
262,d_prec0val0_implicit,0,1699234828
263,d_prec0val0_w,0,1699234828
264,d_prec0val0_w_impl,0,1699234828
265,d_prec0val0_wlj,0,1699234828
266,d_prec0val0_wlj_impl,0,1699234828
267,i_basic_pos,1699234828,0
268,i_basic_neg,1699234828,0
269,i_basic_zero,1699234828,0
270,i_basic_onlypos,1699234828,0
271,i_basic_onlyneg,1699234828,0
272,i_basic_onlyzero,1699234828,0
273,i_intmax,1699234828,0
274,i_intmin,1699234828,0
275,i_width_pos_fits,0,1699234828
276,i_width_neg_fits,0,1699234828
277,i_width_zero_fits,0,1699234828
278,i_width_pos_exactfit,0,1699234828
279,i_width_neg_exactfit,0,1699234828
280,i_width_pos_nofit,0,1699234828
281,i_width_neg_nofit,0,1699234828
282,i_width_pos_fits_lj,0,1699234828
283,i_width_neg_fits_lj,0,1699234828
284,i_width_zero_fits_lj,0,1699234828
285,i_width_pos_exactfit_lj,0,1699234828
286,i_width_neg_exactfit_lj,0,1699234828
287,i_width_pos_nofit_lj,0,1699234828
288,i_width_neg_nofit_lj,0,1699234828
289,i_prec_fits_pos,0,1699234828
290,i_prec_fits_neg,0,1699234828
291,i_prec_fits_zero,0,1699234828
292,i_prec_exactfit_pos,0,1699234828
293,i_prec_exactfit_neg,0,1699234828
294,i_prec_nofit_pos,0,1699234828
295,i_prec_nofit_neg,0,1699234828
296,i_zp_pos_fits,0,1699234828
297,i_zp_neg_fits,0,1699234828
298,i_zp_zero_fits,0,1699234828
299,i_zp_pos_exactfit,0,1699234828
300,i_zp_neg_exactfit,0,1699234828
301,i_zp_neg_minus1fit,0,1699234828
302,i_prec_width_fit_fit_pos,0,1699234828
303,i_prec_width_fit_fit_neg,0,1699234828
304,i_prec_width_fit_fit_zero,0,1699234828
305,i_prec_width_nofit_fit_pos,0,1699234828
306,i_prec_width_nofit_fit_neg,0,1699234828
307,i_prec_width_fit_nofit_pos,0,1699234828
308,i_prec_width_fit_nofit_neg,0,1699234828
309,i_prec_width_nofit_nofit_pos,0,1699234828
310,i_prec_width_nofit_nofit_neg,0,1699234828
311,i_prec_width_fit_fit_pos_lj,0,1699234828
312,i_prec_width_fit_fit_neg_lj,0,1699234828
313,i_prec_width_fit_fit_zero_lj,0,1699234828
314,i_prec_width_nofit_fit_pos_lj,0,1699234828
315,i_prec_width_nofit_fit_neg_lj,0,1699234828
316,i_prec_width_fit_nofit_pos_lj,0,1699234828
317,i_prec_width_fit_nofit_neg_lj,0,1699234828
318,i_prec_width_nofit_nofit_pos_lj,0,1699234828
319,i_prec_width_nofit_nofit_neg_lj,0,1699234828
320,i_prec_width_ff_pos_zp,0,1699234828
321,i_prec_width_ff_neg_zp,0,1699234828
322,i_prec_width_ff_zero_zp,0,1699234828
323,i_prec_width_nf_pos_zp,0,1699234828
324,i_prec_width_nf_neg_zp,0,1699234828
325,i_prec_width_fn_pos_zp,0,1699234828
326,i_prec_width_fn_neg_zp,0,1699234828
327,i_prec_width_nn_pos_zp,0,1699234828
328,i_prec_width_nn_neg_zp,0,1699234828
329,i_prec_width_ff_pos_lj_zp_ignoreflag,0,1699234828
330,i_prec_width_ff_neg_ljzp_ignoreflag,0,1699234828
331,i_prec_width_ff_zero_ljzp_ignoreflag,0,1699234828
332,i_prec_width_nf_pos_ljzp_ignoreflag,0,1699234828
333,i_prec_width_nf_neg_ljzp_ignoreflag,0,1699234828
334,i_prec_width_fn_pos_ljzp_ignoreflag,0,1699234828
335,i_prec_width_fn_neg_ljzp_ignoreflag,0,1699234828
336,i_prec_width_nn_pos_ljzp_ignoreflag,0,1699234828
337,i_prec_width_nn_neg_ljzp_ignoreflag,0,1699234828
338,i_prec0val0_basic,0,1699234828
339,i_prec0val0_implicit,0,1699234828
340,i_prec0val0_w,0,1699234828
341,i_prec0val0_w_impl,0,1699234828
342,i_prec0val0_wlj,0,1699234828
343,i_prec0val0_wlj_impl,0,1699234828
344,u_basic_pos,1699234828,0
345,u_basic_zero,1699234828,0
346,u_basic_onlypos,1699234828,0
347,u_uintmax,1699234828,0
348,u_width_pos_fits,0,1699234828
349,u_width_zero_fits,0,1699234828
350,u_width_pos_exactfit,0,1699234828
351,u_width_pos_nofit,0,1699234828
352,u_width_pos_fits_lj,0,1699234828
353,u_width_zero_fits_lj,0,1699234828
354,u_width_pos_exactfit_lj,0,1699234828
355,u_width_pos_nofit_lj,0,1699234828
356,u_prec_fits_pos,0,1699234828
357,u_prec_fits_zero,0,1699234828
358,u_prec_exactfit_pos,0,1699234828
359,u_prec_nofit_pos,0,1699234828
360,u_zp_pos_fits,0,1699234828
361,u_zp_zero_fits,0,1699234828
362,u_zp_pos_exactfit,0,1699234828
363,u_prec_width_fit_fit_pos,0,1699234828
364,u_prec_width_fit_fit_zero,0,1699234828
365,u_prec_width_nofit_fit_pos,0,1699234828
366,u_prec_width_fit_nofit_pos,0,1699234828
367,u_prec_width_nofit_nofit_pos,0,1699234828
368,u_prec_width_fit_fit_pos_lj,0,1699234828
369,u_prec_width_fit_fit_zero_lj,0,1699234828
370,u_prec_width_nofit_fit_pos_lj,0,1699234828
371,u_prec_width_fit_nofit_pos_lj,0,1699234828
372,u_prec_width_nofit_nofit_pos_lj,0,1699234828
373,u_prec_width_ff_pos_zp,0,1699234828
374,u_prec_width_ff_zero_zp,0,1699234828
375,u_prec_width_nf_pos_zp,0,1699234828
376,u_prec_width_fn_pos_zp,0,1699234828
377,u_prec_width_nn_pos_zp,0,1699234828
378,u_prec_width_ff_pos_ljzp_ignoreflag,0,1699234828
379,u_prec_width_ff_zero_ljzp_ignoreflag,0,1699234828
380,u_prec_width_nf_pos_ljzp_ignoreflag,0,1699234828
381,u_prec_width_fn_pos_ljzp_ignoreflag,0,1699234828
382,u_prec_width_nn_pos_ljzp_ignoreflag,0,1699234828
383,u_prec0val0_basic,0,1699234828
384,u_prec0val0_implicit,0,1699234828
385,u_prec0val0_w,0,1699234828
386,u_prec0val0_w_impl,0,1699234828
387,u_prec0val0_wlj,0,1699234828
388,u_prec0val0_wlj_impl,0,1699234828
389,x_basic_pos,1699234828,0
390,x_basic_zero,1699234828,0
391,x_basic_onlypos,1699234828,0
392,x_hexlmax,1699234828,0
393,x_width_pos_fits,0,1699234828
394,x_width_zero_fits,0,1699234828
395,x_width_pos_exactfit,0,1699234828
396,x_width_pos_nofit,0,1699234828
397,x_width_pos_fits_lj,0,1699234828
398,x_width_zero_fits_lj,0,1699234828
399,x_width_pos_exactfit_lj,0,1699234828
400,x_width_pos_nofit_lj,0,1699234828
401,x_prec_fits_pos,0,1699234828
402,x_prec_fits_zero,0,1699234828
403,x_prec_exactfit_pos,0,1699234828
404,x_prec_nofit_pos,0,1699234828
405,x_zp_pos_fits,0,1699234828
406,x_zp_zero_fits,0,1699234828
407,x_zp_pos_exactfit,0,1699234828
408,x_prec_width_fit_fit_pos,0,1699234828
409,x_prec_width_fit_fit_zero,0,1699234828
410,x_prec_width_nofit_fit_pos,0,1699234828
411,x_prec_width_fit_nofit_pos,0,1699234828
412,x_prec_width_nofit_nofit_pos,0,1699234828
413,x_prec_width_fit_fit_pos_lj,0,1699234828
414,x_prec_width_fit_fit_zero_lj,0,1699234828
415,x_prec_width_nofit_fit_pos_lj,0,1699234828
416,x_prec_width_fit_nofit_pos_lj,0,1699234828
417,x_prec_width_nofit_nofit_pos_lj,0,1699234828
418,x_prec_width_ff_pos_zp,0,1699234828
419,x_prec_width_ff_zero_zp,0,1699234828
420,x_prec_width_nf_pos_zp,0,1699234828
421,x_prec_width_fn_pos_zp,0,1699234828
422,x_prec_width_nn_pos_zp,0,1699234828
423,x_prec_width_ff_pos_ljzp_ignoreflag,0,1699234828
424,x_prec_width_ff_zero_ljzp_ignoreflag,0,1699234828
425,x_prec_width_nf_pos_ljzp_ignoreflag,0,1699234828
426,x_prec_width_fn_pos_ljzp_ignoreflag,0,1699234828
427,x_prec_width_nn_pos_ljzp_ignoreflag,0,1699234828
428,x_prec0val0_basic,0,1699234828
429,x_prec0val0_implicit,0,1699234828
430,x_prec0val0_w,0,1699234828
431,x_prec0val0_w_impl,0,1699234828
432,x_prec0val0_wlj,0,1699234828
433,x_prec0val0_wlj_impl,0,1699234828
434,X_basic_hexu_pos,1699234828,0
435,X_basic_hexu_zero,1699234828,0
436,X_basic_hexu_onlypos,1699234828,0
437,X_hexumax,1699234828,0
438,X_width_pos_fits,0,1699234828
439,X_width_zero_fits,0,1699234828
440,X_width_pos_exactfit,0,1699234828
441,X_width_pos_nofit,0,1699234828
442,X_width_pos_fits_lj,0,1699234828
443,X_width_zero_fits_lj,0,1699234828
444,X_width_pos_exactfit_lj,0,1699234828
445,X_width_pos_nofit_lj,0,1699234828
446,X_prec_fits_pos,0,1699234828
447,X_prec_fits_zero,0,1699234828
448,X_prec_exactfit_pos,0,1699234828
449,X_prec_nofit_pos,0,1699234828
450,X_zp_pos_fits,0,1699234828
451,X_zp_zero_fits,0,1699234828
452,X_zp_pos_exactfit,0,1699234828
453,X_prec_width_fit_fit_pos,0,1699234828
454,X_prec_width_fit_fit_zero,0,1699234828
455,X_prec_width_nofit_fit_pos,0,1699234828
456,X_prec_width_fit_nofit_pos,0,1699234828
457,X_prec_width_nofit_nofit_pos,0,1699234828
458,X_prec_width_fit_fit_pos_lj,0,1699234828
459,X_prec_width_fit_fit_zero_lj,0,1699234828
460,X_prec_width_nofit_fit_pos_lj,0,1699234828
461,X_prec_width_fit_nofit_pos_lj,0,1699234828
462,X_prec_width_nofit_nofit_pos_lj,0,1699234828
463,X_prec_width_ff_pos_zp,0,1699234828
464,X_prec_width_ff_zero_zp,0,1699234828
465,X_prec_width_nf_pos_zp,0,1699234828
466,X_prec_width_fn_pos_zp,0,1699234828
467,X_prec_width_nn_pos_zp,0,1699234828
468,X_prec_width_ff_pos_ljzp_ignoreflag,0,1699234828
469,X_prec_width_ff_zero_ljzp_ignoreflag,0,1699234828
470,X_prec_width_nf_pos_ljzp_ignoreflag,0,1699234828
471,X_prec_width_fn_pos_ljzp_ignoreflag,0,1699234828
472,X_prec_width_nn_pos_ljzp_ignoreflag,0,1699234828
473,X_prec0val0_basic,0,1699234828
474,X_prec0val0_implicit,0,1699234828
475,X_prec0val0_w,0,1699234828
476,X_prec0val0_w_impl,0,1699234828
477,X_prec0val0_wlj,0,1699234828
478,X_prec0val0_wlj_impl,0,1699234828
479,new2019_star_1,0,1699234828
480,new2019_star_2,0,1699234828
481,new2019_star_3,0,1699234828
482,new2019_star_4,0,1699234828
483,new2019_star_5,0,1699234828
484,new2019_star_6,0,1699234828
485,new2019_star_7,0,1699234828
486,new2019_star_8,0,1699234828
487,new2019_star_9,0,1699234828
488,new2019_star_10,0,1699234828
489,new2019_negstar_1,0,1699234828
490,new2019_negstar_2,0,1699234828
491,new2019_negstar_3,0,1699234828
492,new2019_negstar_4,0,1699234828
493,new2019_negstar_5,0,1699234828
494,new2019_negstar_6,0,1699234828
495,new2019_negstar_7,0,1699234828
496,new2019_negstar_8,0,1699234828
497,new2019_negstar_9,0,1699234828
548,moul_c_1,1699234828,0
549,moul_c_2,1699234828,0
550,moul_c_3,1699234828,0
551,moul_c_4,1699234828,0
552,moul_c_5,1699234828,0
553,moul_c_5b,1699234828,0
554,moul_c_6,1699234828,0
555,moul_c_7,1699234828,0
556,moul_c_8,1699234828,0
557,moul_c_9,1699234828,0
558,moul_c_10,1699234828,0
559,moul_c_11,1699234828,0
560,moul_c_12,1699234828,0
561,moul_c_13,1699234828,0
562,moul_c_14,1699234828,0
563,moul_c_15,1699234828,0
564,moul_c_16,1699234828,0
565,moul_c_17,1699234828,0
566,moul_c_18,1699234828,0
567,moul_c_19,1699234828,0
568,moul_c_20,1699234828,0
569,moul_c_21,1699234828,0
570,moul_c_22,1699234828,0
571,moul_c_23,1699234828,0
572,moul_c_24,1699234828,0
573,moul_c_25,1699234828,0
574,moul_c_26,1699234828,0
575,moul_c_27,1699234828,0
576,moul_c_28,1699234828,0
577,moul_s_1,1699234828,0
578,moul_s_2,1699234828,0
579,moul_s_3,1699234828,0
580,moul_s_4,1699234828,0
581,moul_s_5_this_ones_a_doozy,1699234828,0
582,moul_d_1,1699234828,0
583,moul_d_2,1699234828,0
584,moul_d_3,1699234828,0
585,moul_d_4,1699234828,0
586,moul_d_5,1699234828,0
587,moul_d_6,1699234828,0
588,moul_d_7,1699234828,0
589,moul_d_8,1699234828,0
590,moul_d_9,1699234828,0
591,moul_d_10,1699234828,0
592,moul_d_11,1699234828,0
593,moul_d_12,1699234828,0
594,moul_mix_1,1699234828,0
595,moul_i_1,1699234828,0
596,moul_i_2,1699234828,0
597,moul_i_3,1699234828,0
598,moul_i_4,1699234828,0
599,moul_i_5,1699234828,0
600,moul_i_6,1699234828,0
601,moul_i_7,1699234828,0
602,moul_i_8,1699234828,0
603,moul_i_9,1699234828,0
604,moul_i_10,1699234828,0
605,moul_i_11,1699234828,0
606,moul_i_12,1699234828,0
607,moul_u_1,1699234828,0
608,moul_u_2,1699234828,0
609,moul_u_3,1699234828,0
610,moul_u_4,1699234828,0
611,moul_u_5,1699234828,0
612,moul_u_6,1699234828,0
613,moul_u_7,1699234828,0
614,moul_u_8,1699234828,0
615,moul_u_9,1699234828,0
616,moul_u_10,1699234828,0
617,moul_u_11,1699234828,0
618,moul_u_12,1699234828,0
619,moul_x_1,1699234828,0
620,moul_x_2,1699234828,0
621,moul_x_3,1699234828,0
622,moul_x_4,1699234828,0
623,moul_x_5,1699234828,0
624,moul_x_6,1699234828,0
625,moul_x_7,1699234828,0
626,moul_x_8,1699234828,0
627,moul_x_9,1699234828,0
628,moul_x_10,1699234828,0
629,moul_x_11,1699234828,0
630,moul_x_12,1699234828,0
631,moul_prec_1,0,1699234828
632,moul_prec_3,0,1699234828
633,moul_prec_4,0,1699234828
634,moul_prec_5,0,1699234828
635,moul_zeropad_1,0,1699234828
636,moul_zeropad_2,0,1699234828
637,moul_zeropad_3,0,1699234828
638,moul_zeropad_4,0,1699234828
639,moul_leftjusty_1,0,1699234828
640,moul_leftjusty_2,0,1699234828
641,moul_leftjusty_3,0,1699234828
642,moul_leftjusty_4,0,1699234828
643,moul_leftjusty_5,0,1699234828
644,moul_leftjusty_6,0,1699234828
645,moul_leftjusty_7,0,1699234828
646,moul_star_1,0,1699234828
647,moul_star_2,0,1699234828
648,moul_star_3,0,1699234828
649,moul_star_4,0,1699234828
650,moul_star_5,0,1699234828
651,mix_test_0,1699234828,0
652,mix_test_1,1699234828,0
653,mix_test_2,1699234828,0
654,mix_test_3,1699234828,0
655,mix_test_4,1699234828,0
656,mix_test_5,1699234828,0
657,mix_test_6,1699234828,0
658,mix_test_7,1699234828,0
659,mix_test_8,1699234828,0
660,mix_test_9,1699234828,0
661,mix_test_10,1699234828,0
662,mix_test_11,1699234828,0
663,mix_test_12,1699234828,0
664,mix_test_13,1699234828,0
665,mix_test_14,1699234828,0
666,mix_test_15,1699234828,0
667,mix_test_16,1699234828,0
668,mix_test_17,1699234828,0
669,mix_test_18,1699234828,0
670,mix_test_19,1699234828,0
671,mix_test_20,1699234828,0
672,mix_test_21,1699234828,0
673,mix_test_22,1699234828,0
674,mix_test_23,1699234828,0
675,mix_test_24,1699234828,0
676,mix_test_25,1699234828,0
677,mix_test_26,1699234828,0
678,mix_test_27,1699234828,0
679,mix_test_28,1699234828,0
680,mix_test_29,1699234828,0
681,mix_test_30,1699234828,0
682,mix_test_31,1699234828,0
683,mix_test_32,1699234828,0
684,mix_test_33,1699234828,0
685,mix_test_34,1699234828,0
686,mix_test_35,1699234828,0
687,mix_test_36,1699234828,0
688,mix_test_37,1699234828,0
689,mix_test_38,1699234828,0
690,mix_test_39,1699234828,0
691,mix_test_40,1699234828,0
692,mix_test_41,1699234828,0
693,mix_test_42,1699234828,0
694,mix_test_43,1699234828,0
695,mix_test_44,1699234828,0
696,mix_test_45,1699234828,0
697,mix_test_46,1699234828,0
698,mix_test_47,1699234828,0
699,mix_test_48,1699234828,0
700,mix_test_49,1699234828,0
701,mix_test_50,1699234828,0
702,mix_test_51,1699234828,0
703,mix_test_52,1699234828,0
704,mix_test_53,1699234828,0
705,mix_test_54,1699234828,0
706,mix_test_55,1699234828,0
707,mix_test_56,1699234828,0
708,mix_test_57,1699234828,0
709,mix_test_58,1699234828,0
710,mix_test_59,1699234828,0
711,mix_test_60,1699234828,0
712,mix_test_61,1699234828,0
713,mix_test_62,1699234828,0
714,mix_test_63,1699234828,0
715,mix_test_64,1699234828,0
716,mix_test_65,1699234828,0
717,mix_test_66,1699234828,0
718,mix_test_67,1699234828,0
719,mix_test_68,1699234828,0
720,mix_test_69,1699234828,0
721,mix_test_70,1699234828,0
722,mix_test_71,1699234828,0
723,mix_test_72,1699234828,0
724,mix_test_73,1699234828,0
725,mix_test_74,1699234828,0
726,mix_test_75,1699234828,0
727,mix_test_76,1699234828,0
728,mix_test_77,1699234828,0
729,mix_test_78,1699234828,0
730,mix_test_79,1699234828,0
731,mix_test_80,1699234828,0
732,mix_test_81,1699234828,0
733,mix_test_82,1699234828,0
734,mix_test_83,1699234828,0
735,mix_test_84,1699234828,0
736,mix_test_85,1699234828,0
737,mix_test_86,1699234828,0
738,mix_test_87,1699234828,0
739,mix_test_88,1699234828,0
740,mix_test_89,1699234828,0
741,mix_test_90,1699234828,0
742,mix_test_91,1699234828,0
743,mix_test_92,1699234828,0
744,mix_test_93,1699234828,0
745,mix_test_94,1699234828,0
746,mix_test_95,1699234828,0
747,mix_test_96,1699234828,0
748,mix_test_97,1699234828,0
749,mix_test_98,1699234828,0
750,mix_test_99,1699234828,0
751,mix_successive_0,1699234828,0
752,mix_successive_4,1699234828,0
753,mix_successive_6,1699234828,0
754,mix_successive_10,1699234828,0
755,mix_successive_16,1699234828,0
756,mix_successive_20,1699234828,0
757,mix_successive_21,1699234828,0
758,mix_successive_28,1699234828,0
759,mix_successive_30,1699234828,0
760,mix_successive_31,1699234828,0
761,mix_successive_32,1699234828,0
762,mix_successive_39,1699234828,0
763,mix_successive_40,1699234828,0
764,mix_successive_42,1699234828,0
765,mix_successive_43,1699234828,0
766,mix_successive_45,1699234828,0
767,mix_successive_46,1699234828,0
768,mix_successive_61,1699234828,0
769,mix_successive_64,1699234828,0
4186,d_neg_prec_star_01,0,1699234828
4187,d_neg_prec_star_02,0,1699234828
4188,d_neg_prec_star_03,0,1699234828
4189,u_neg_prec_star_01,0,1699234828
4190,u_neg_prec_star_02,0,1699234828
4191,u_neg_prec_star_03,0,1699234828
4192,notintsubject_o_neg_prec_star_01,0,1699234828
4193,notintsubject_o_neg_prec_star_02,0,1699234828
4194,notintsubject_o_neg_prec_star_03,0,1699234828
4195,x_neg_prec_star_01,0,1699234828
4196,x_neg_prec_star_02,0,1699234828
4197,x_neg_prec_star_03,0,1699234828
4198,X_neg_prec_star_01,0,1699234828
4199,X_neg_prec_star_02,0,1699234828
4200,X_neg_prec_star_03,0,1699234828
4201,s_neg_prec_star_01,0,1699234828
4202,s_neg_prec_star_02,0,1699234828
4203,p_neg_prec_star_01,0,1699234828
4204,p_neg_prec_star_02,0,1699234828
4205,p_neg_prec_star_03,0,1699234828
4206,p_neg_prec_star_04,0,1699234828
